ModulNr.1,ModulNr.2,Modultitel,Studiengang1,Studiengang2,Studiengang3,Studiengang4,Studiengang5,Studiengang6,Studiengang7,Studienart,Hochschule,Sprache,SWS Vorlesung,SWS Ringvorlesung,SWS Übung,SWS Seminar,SWS Übung/Seminar,SWS Tutorium,SWS Praktikum,SWS Exkursion,SWS Projekt,SWS Berufspraktikum,SWS Sprachkurs,SWS eLearning,Summe SWS,Arbeitsaufwand [h],Selbststudium [h],ECTS,PVL Referat,PVL Labor,PVL Beleg,PVL Testat,PVL Protokoll,PVL Moderation,PL Klausur,PL mdl Prüfung,PL Referat,PL Präsentation,PL Belegarbeit,PL Seminararbeit,PL Projektarbeit,PL Praktikumsprotokoll,PL Praktikumsbericht,PL Exkursionsbericht,PL Laborarbeit,PL Forschungsplan,PL e-Learning Test,WS,SS,Modulverantwortlicher,Mail_Kontakt,weitere Dozenten,Bemerkungen,Ebene 1 - Überbegriff,Biodiversität,,,,,,,,,Biologie,,,,,,,,,,,,,,,,,,,,Biotechnologie,,,,,,,,,Boden,,,,,,,,,,,,,,Forschung,,,,,,,,,,,,,,,,,,,,Geoinformation,,,,,,,,,,,,,,,,,,,,,,Geographie,,,,,,,,,,,Gesetz / Recht,,,,,,,,,,,,,,,,,Klima / Luft,,,,,,,,,,,,,,,,,,,,,,,,,Lebewesen,,,,,,,,,,,,,,,,,,,Lehrform,,,Management,,,,,,,,,,,,,,,,,,,,,,,Methoden,,,,,,,,,,,,,,,,,,,,,,,,,,,,,,,,,,,,Nachhaltigkeit,,,,Naturschutz,,,,,,,,,,Nutzung,,,,,,,,,,,,,,,,,,,,,,,,,,Ökologie,,,,,,,,,,,,,,,,,,,,,,,,,,,,,,,,,,,,,,,,,,,,,Interaktionen /,Ökologische Skalen /,Kreisläufe,,,,,,,,,,,,,ökologische / biologische,Teildisziplinen,,,,,,,,,,,,,,,,,,,,Ökonomie,,,,,,,,,,,,,,,,,,Ökosysteme,,,,,,,,,,,,,,,Pläne / Prüfungen / Bewertungen,,,,,,,,,,,,Politik,,,,,,,,,,,,Raumentwicklung,,,,,,,,,,,,,,,,,,,,,,,,,,,,,,,,,,,,,,,,,,,Schutz / Schutzgüter /,Landschaftsfunktionen,,,,,,,,,,,Sozialkompetenzen,,,,,,Statistik,,,,,,,,,,,,,,,Umweltchemie /,Umweltbelastungen /,Ökotoxikologie,,,,,,,,,,,,,,,,,,Waldbewirtschaftung,,,,,,,,,,,,,,,,,,,,,,Wasser,,,,,,,,,,,,,,,,,,,,,,,,,,Wasserwirtschaft,,,,,,,,,,,Wissenschaftliche,Disziplinen,,,,,,,,,,,,,,,,,,,,,,,,,,,,,
,,,,,,,,,,,,,,,,,,,,,,,,,,,,,,,,,,,,,,,,,,,,,,,,,,,,,,Ebene 2 - Schlagwort,Artenvielfalt,Biodiversität,Biodiversitätsforschung,funktionale Vielfalt,genetische Vielfalt,Indikatoren Biodiversität,Lebensraumvielfalt,Molekulare Biodiversität,Schutz von Biodiversität,"Anpassung (an klimatische, geologische, geographische Bedingungen)",Anpassung pflanzlicher Diasporen morphologisch / anatomisch,Areal / Verbreitungsgebiet,Artkonzept,Aussterbeereignis / Extinktionsereignis / Aussterben / Extinktion,bioanorganische Chemie / Pathobiochemie,Biologische Eigenschaften von Taxa / Arten,Chronobiologie,Cytologie / Zytologie,Diasporenausbreitung,Genetik,Habitat / Lebensraum von Arten,Merkmale (anatomisch / morphologisch),Mikrobiologie,ökologische Biochemie,Photosynthese,Phylogenie / Stammesgeschichte,Phyloinformatik,Physiologie,Phytopathologie,Abbaubare Kunststoffe / Biokunststoffe,Bioethanol,Bioreaktor / Fermenter,Biotechnologische Produkte,Biotechnologische Prozesse,Enzymologie,Interaktion Mikroorganismen / Bakterien - Pflanzen,Umweltbiotechnologie,Naturstoffabbau / Fremdstoffabbau,biogeochemische Prozesse,Boden,Bodenbildung,Boden-Biozönose,Bodenchemie,Bodeneigenschaften,Bodenkunde,Bodenphysik,Bodensystematik,Bodentypen,Boden-Vegetation-Atmosphäre-Modelle,Bodenwasserhaushalt,Evapotranspiration,subhydrische Böden als Umweltarchiv,Berichtlegung / Dokumentation / Qualifizierungsarbeiten,Datenbanken,empirische Sozialforschung,Ergebnisinterpretation,Forschung,Forschungsmethoden,Forschungsfragen / Hypothesen / Forschungsansätze,Forschungsplan / Arbeitsplan,Forschungspraktikum,Interdisziplinarität,Literaturrecherche / Literaturauswertung / Literaturdatenbanken,Patentierung,wissenschaftliche Diskussion,wissenschaftliche Publikation,wissenschaftliche Transferleistung,wissenschaftliche Vorträge,wissenschaftliches Arbeiten,Wissenschaftsgeschichte,Wissenschaftstheorie,Wissenschaftsverständnis,Analyse von Bilddaten,Datengewinnung / Aufnahmeverfahren / Datenaufzeichnung von Geodaten,Fernerkundung,Geodateninfrastruktur / GDI,Geodatenintegration,Geoinformatik,Geoinformationen / Geoinformationsdienste,Geoinformationssysteme / GIS,Georeferenzierung,Kartographische Feldarbeit,Klassifikation von Fernerkundungsdaten / Auswerteverfahren,Laserscanner in der Photogrammetrie,Luftbilddaten,multi-sensorale Bilddaten,multi-temporale Bilddaten,Photogrammetrie,Radiometrie,raumbezogene Datenanalyse,Satellitenbilddaten,Sensorik in der Fernerkundung / Sensorsysteme auf Satelliten / Flugzeugen,Verwaltung raumbezogener Daten,Visualisierungsverfahren,Bevölkerungsgeographie,Demographie,geographische Dimensionsstufen,Globaler Wandel,Globalisierung,Maßstabsebenen,physische Struktur / humangeographisch Struktur,räumliche Disparitäten,Regionalwissenschaften,Siedlungsgeographie,sozialer  Wandel / demographischer Wandel,Abfallrecht,Arbeitsschutz,Baurecht,Bodenschutzrecht,Energierecht,Forstrecht,Gefahrstoffrecht / europäisches Gefahrstoffrecht,Immissionsschutzrecht,Jagdrecht,Naturschutzrecht,Planfeststellung / Planfeststellungsverfahren,Plangenehmigung / Plangenehmigungsverfahren,Planungsrecht,Raumordnungsrecht,Umweltrecht,Umweltvölkerrecht,Wasserrecht / Gewässerschutzrecht,Atmosphäre / Atmosphärische Einflüsse / Atmosphärische Spurenstoffe,Bestandsklima,CO2-Absorption,C-Sequestrierung,globale Beobachtungssysteme für Wetter und Klima,Kaltluft / Kaltluftproblematik,Klima,Klimaforschung,Klimasystemkomponenten,Klimatische Betrachtung verschiedener Oberflächen,Klimatische Schwankungen,klimatische Wechselwirkungen,Klimawandel / Klimaänderung,Kohlenstoffakkumulation,Landschaftsklima,Luft,Luftfeuchte,Luftverunreinigung / Luftverschmutzung,Makroklima,Mitigation / Klimaanpassung,ökonomische Auswirkungen Klimawandel / Klimafolgen,Stadtklima,Strahlung / Strahlungshaushalt / Strahlungsbilanz,Temperatur,Treibhauseffekt,Amphibien / Amphibia,Gliederfüßer / Arthropoden,Bakterien / Bacteria,Fische / Pisces,Flechten / Lichenes,Gefäßpflanzen / Tracheophyta,Insekten / Insecta,Mikroorganismen,Moose / Bryophyta,Parasiten,Urwesen / Protisten,Pilze / Fungi,Pflanzen / Embryophyta,Reptilien / Reptilia,Säugetiere / Mammalia,Vögel / Aves,Weichtiere / Mollusca,Wirbellose / Invertebrata,Wirbeltiere / Vertebrata,Exkursion,Geländepraktikum,Sommerschule,Arbeitsmanagement,Artenschutzmanagement,betriebliches Management,Biodiversitätsmanagement,Citymanagement / Stadtmanagement / Regionalmanagement,Energiemanagement,Flächennutzungsmanagement,Flussgebietsmanagement,Gebietsmanagement / Biotopmanagement / Schutzgebietsmanagement,Gesundheitsschutzmanagement,Hochwasserrisikomanagement,Integriertes Wasser-Ressourcen-Management (IWRM),IT-Sicherheitsmanagement,Landnutzungsmanagement,Managementplanung,Nachhaltigkeitsmanagement,Projektmanagement,Qualitätsmanagement,Ressourcenmanagement,Risikomanagement,Strategisches Management,Umweltmanagement,Wassermanagement / Management Wassereinzugsgebiet,Bestimmung von Arten / Artenkenntnis,Bioanalytik / Umweltanalytik,biologische Systematik,Biologisches Zeichnen,bodenkundliche Messtechniken,faunistische Erfassungsmethode / Bestandsaufnahme / Fangmethode,Felduntersuchung / Feldmethode / Freilanduntersuchung,floristische Erfassungsmethode / Bestandsaufnahme / Vegetationsaufnahme,geographische Untersuchungstechnik / geographische Recherchetechnik,Informationssystem / Expertensystem,Informationstechnologie / Kommunikationstechnologie,Labormethode / Laborexperiment,Landschaftsanalyse,Meteorologische Messtechniken / Meteorologische Messverfahren,Methoden der empirischen Sozialforschung,Mikroskopie,Modellierung / Modelle / Implementierung von Modellen,Monitoring / Biomonitoring / Umweltmonitoring,Morphometrische Methoden,Ökogramm,ökologisches Experiment,Planungsmethoden,Präparation / Präparationsmethode,Probenahmestrategie / repräsentative Probenahme,Produktivitätsbestimmung,Proteinchemische Labormethoden,Sammeln / Sammelstrategien,Sammlungen / naturkundliche Sammlungen,Simulation / Simulatoren / Simulationsexperiment,Taxonomie,tierökologische Analyse,Toxikologische Untersuchungsverfahren,Umweltrisikoanalyse / Risikoanalyse,Versuchsplanung / Versuchspläne,Zeigerwerte Ellenberg,zellbiologische / molekularbiologische Arbeitsmethoden,nachhaltige Entwicklung,Nachhaltigkeit,Nachhaltigkeitsberichterstattung / Nachhaltigkeitsbericht,Systems Thinking,Artenschutz,Artenschwund,Biotopschutz,Gefährdung / Gefährdungsursachen / Gefährdungsabschätzung,Naturschutz,naturschutzrelevante Artengruppen (floristisch / faunistisch),Renaturierung landwirtschaftlicher Flächen,Rote Liste,Schutz von Wäldern / Waldnaturschutz,Schutzgebietskategorien national / international,Bewässerung / Entwässerung,biologische Sanierungsverfahren  / nicht-biologische Sanierungsverfahren,biotische Risikofaktoren,Bodendegradation / Bodenerosion,differenzierte Landnutzung  / Biosphärenreservat,Ertragsbildung  von Böden,Forstwirtschaft,Industrie,Kreislaufwirtschaft,Kurzumtriebsplantagen,Landnutzung / Landnutzungssysteme,Landnutzungsplanung,Landrehabilitation,Landwirtschaft,nachhaltige Landnutzung,nachwachsende Rohstoffe,Nutzung,Nutzung von Biodiversität,Nutzpflanzen,Nutzung von Ökosystemen,Nutzungsänderung / Bewirtschaftungsänderung,Nutzungskonflikt,Pflanzeninhaltsstoffe,Subsistenzlandwirtschaft,Szenarien,Theorie der erschöpfbaren Ressourcen,(Angewandte) Ökologie,Abiotik / Abiotische Parameter / Abiotische Umweltfaktoren,Antagonismus,Biogeosysteme,Biomineralisation,Biosphäre,Biotik / Biotische Parameter,Biotop,Biozönose / Artengemeinschaft,Botanik / Flora,demographische Prozesse / Lebenszyklen,Destruenten,Energiehaushalt / Energiefluss,Evolution / Koevolution,Exotische Arten / Neobiota / Neophyten / Neozoen,Habitatstrukturen / Strukturelementkonzept / Habitatkonzept,Heimische Arten,Holzzuwachs,Lebensgemeinschaften,Lebensraumdynamik / Sukzession / Fluktuation,Lebensstrategien,Nahrungsnetze,Ökosysteme,Pflanzensoziologie / Pflanzengesellschaft,Population / Populationsdynamik,Prädation (top-down Steuergröße),Quellenfunktion / Senkenfunktion,Räuber-Beute-Systeme,Raumnutzung (Tiere),Raum-Zeit-Dynamik / raum-zeitliche Strukturen,Ressourcen (bottom-up Steuergröße),Selbstregulation / Selbstregulationsfähigkeit,seltene Gehölze,Spezielle Ökologie,Stoffhaushalt / Stoffflüsse / Stoffkreisläufe,Störung / Störungsregime,tierische Bestäuber,Vegetation,Verkehrsökologie,Vernetzung / Biotopvernetzung / Biotopverbund,Waldbodenpflanzen / Krautschicht / Moosschicht,Waldformationen / Pflanzenformationen,Waldsterben,Zonobiome,Zoologie / Fauna,biogeochemischen Kreisläufe,Interaktion Mensch - Umwelt,ökologische Ebenen,ökologische Interaktionen,Pathogenitätsfaktoren,Skala / Skalenebenen: Organismus - Population - Artengemeinschaft / Biozönose - Ökosystem,System Atmosphäre - Boden - Pflanze,System Erde - Atmosphäre,Trophische Interaktionen,Wechselbeziehung Herbivore - Antagonisten,Wechselbeziehung Mensch - Wald (Tropen),Wechselbeziehung Pflanzen - Herbivore,Wechselwirkung Mikroorganismus - unbelebte und belebte Natur,Zusammenhänge Vegetation - Standort,Zusammenhänge Vorkommen Tierart - Standort,aquatische Ökologie,Ausbreitungsbiologie / Ausbreitungsökologie,Autökologie,Blütenbiologie,Dendroökologie,Entwicklungsbiologie,Evolutionsbiologie,Fischökologie,Histologie,Landschaftsökologie,mikrobielle Ökologie,Molekularbiologie,Ökotoxikologie,Paläoökologie,Populationsökologie,Reproduktionsbiologie,Stadtökologie,Systemökologie,Toxikologie,Verhaltensökologie,Zellbiologie,Allokation / Waldallokation,Budgetierung / Projektökonomie,Controlling,Forstökonomie,Instrumente monetärer ökologischer Bewertung,Internalisierung externer Effekte,Marketing (Forstindustrie / Holzindustrie),ökologieorientierte Unternehmensstrategien / ökologieorientierte Unternehmensführung / umweltorientierte Unternehmensführung,ökonomische Analysen,Produktivität,Ressourcenökonomie,Spannungsfeld Gesellschaft - Wald - Forstwirtschaft,Strukturwandel (wirtschaftlicher),SWOT-Analyse,Unternehmenswertsteigerung,Verfügungsrechtsökonomik / Verfügungsrechte,Wirtschaftlichkeit,Wirtschaftsplanung,Acker,aquatische Ökosysteme / limnische Ökosysteme / marine Ökosysteme,Fließgewässer,Forst,Grünland,Heide,Moor / Sumpf,Städtischer Wald / Park / Garten,Standgewässer,terrestrische Ökosysteme,Trockenrasen / Magerrasen,Tropen,tropische Straßenhabitate (Baum / Gehölz),Wald,Wüste,Artenschutzprogramm,Bauleitplanung,Bewertungsverfahren / Bewertungsmethoden,Bewirtschaftungsplan,Bodenbewertung,FFH-Verträglichkeitsprüfung,Landschaftsplanung,Ökobilanz (globale Stoffströme / Waren / Recyclinggüter / Andere),Ökobilanzierung / Umweltbewertung,Raumplanung,Umweltrisikobewertung,Umweltverträglichkeitsprüfung / Umweltverträglichkeitsstudie,Bodenpolitik,Energiepolitik,Entwicklungspolitik,Forstpolitik,Governance / Governancekonzept,Klimapolitik,Naturschutzpolitik,Politikfeldanalyse / Politikanalyse,Politikgestaltung / Politikkoordination,politikwissenschaftliche Erklärungsansätze,politische Instrumente,Umweltpolitik,Administrative Steuerungsmaßnahmen (Wasser),anthropogene Eingriffe,Auswertungsverfahren,Eingriffsregelung / Ausgleichsregelung,technische Energie,Entscheidungstheorie / Entscheidungsfindung,europäische Raumentwicklung / Internationale Raumentwicklung,Evaluierung,Gewässerzustand,Hochwasser,Hochwasserschutz / integrierter Hochwasserschutz,Integrierte ländliche Entwicklung,Interessenkonflikte,landschaftliche Transformationsprozesse,Landschaftsentwicklung / Landschaftswandel / Landschaftsveränderung,Ökosystemfunktionen,Ökosystemleistungen / Ökosystemdienstleistungen,Partizipation,planerische Erhebungsverfahren,praktische / planerische Umsetzung,planerisches Leitbild,Planungsansätze,Vollzugsinstrumente,Planungsinstrumente,Planungstheorie,Projektphasen,Raumentwicklung,räumliche Ebenen der Planung,Raumordnung,rechtliche Rahmenbedingungen / Planungsbedingungen (Boden),städtebauliche Bodenordnung,städtebauliche Instrumente,Stadtentwicklung / Regionalentwicklung,Stadtplanung,Stadtumbau,technische Wärme,territoriale Kohäsion,Trends / Zukunftsfragen,Umweltanalyse / Ressourcenanalyse,Umweltschutz / Umweltvorsorge / nachsorgender Umweltschutz,Verkehrsplanung,Wirkungsanalyse / Wirkungsabschätzung in der Planung,Ziele in der Planung / Zielsysteme in der Planung,Bodenfunktionen,Bodenschutz,Gewässerschutz,Klimaschutz,Lebensraumfunktion,Naturraumausstattung,Naturressourcen,Regeneration,Schutz von Pflanzenbeständen,Schutz von Tierbeständen,Schutzgüter,Wasserdargebot,Führung / Führungsmodelle / Führungstheorien,Kommunikation / Kommunikationsmethoden,Konfliktarten / Konfliktlösung / Mediation,Organisation / Zeitmanagement,Präsentation / Präsentationsmethoden / Präsentationstechnologien,Teambildung / Teambuilding / Teamfindung,Analyse komplexer Systeme,analytische Statistik,bayesische Statistik,Biostatistik,Datenanalyse,Datenstruktur / Datenstrukturierung / Datenorganisation / Datenadministration,deskriptive Statistik,Geostatistik,Hypothesen,Inventurdesign,multivariate Statistik,Statistik / Statistische Verfahren / Statistische Tests,statistische Analyse von Laborexperimenten,Stichprobenverfahren,Verteilung in der beschreibenden und schließenden Statistik,Bindung / Entfernung von Stoffe,Bioindikation,chemische Wechselwirkungen mit Pflanzen,Dosis-Wirkungs-Beziehungen,Expositionsanalyse,Gift,Persistenz von Schadstoffen,Pharmaka,Prophylaxe,Rekultivierung,Renaturierung,Risikobewertung von Chemikalien,Sanierung,Schadstoff,Tierversuche (in-vivo),Toxizität / Toxikokinetik / Toxikodynamik,Umweltkompartimente / Umweltmedien,umweltrelevante chemische Stoffe,Xenobiotika,Zellkultur (in-vitro),Agroforstwirtschaft (Tropen / Subtropen),Baum,Waldbestand / Forstbestand,Bewirtschaftungsmaßnahmen / Bewirtschaftungsstrategien,Forstbetrieb,Forsteinrichtung,forstliche Inventur / Waldinventur / Strukturinventur / Vorratsinventur,forstliche Nachhaltigkeit,Forstplantagen (Tropen),Forstschutz / Forstschutzstrategien / Waldschutz,Funktionsgerechtigkeit / funktionsorientierte Waldbewirtschaftung,Holz,Naturwaldbewirtschaftung (Tropen),Partnerschaftsmodelle (Waldbewirtschaftung),Produktionsstrategien / Produktionssysteme,traditionelle Waldnutzung (Tropen),Waldbau / Waldbausysteme,waldbauliche Maßnahmen,Waldnutzung,Waldumbau,Waldwachstum,Zertifizierung von Holz,aquatische Lebensgemeinschaften,fluviale Dynamik,Gewässerbelastung / Belastungskomponenten,Gewässergüte / Wasserqualität / Wassergüte,Grundwasser / Grundwasserleiter,Hydrologie arider und semi-arider Gebiete,Hydrologische Prozesse,Hydromechanik / Hydrodynamik,Niederschlag,Sediment / sedimentologische Prozesse,Stressoren (für Lebensgemeinschaften),Strömungsvorgänge / Stofftransportvorgänge,Tracerhydrologie,Verdunstung,Wasser,Wassereinzugsgebiet / Wassereinzugsgebietsmodellierung,Wasserhaushalt (terrestrische Standorte),Wasserhaushalt von Pflanzen,Wasserhaushaltsmodellierung,"Wasserinhaltsstoffe (natürliche, anthropogene, xenobiotische)",Wasserkreislauf,Wasserorganismen,Wasserspezifische Fragestellungen (international),Stofftransport im Wasser,Wasserstress,Wechselwirkung Abflussdynamik - Sedimentdynamik,Abwasserentsorgung / Abwasserableitung  / Regenwasserableitung,Abwasserreinigung / Aquatische Aufbereitung / Abwasserbehandlung / Abwasseraufbereitung,Flussgebietsbewirtschaftung,Hydraulische Grundlagen,Siedlungswasserwirtschaft,Trinkwasser / Trinkwasserversorgung / Trinkwasseraufbereitung,Abwasseraufbereitungstechniken,Wasserbau,Wassernutzung,Wasserwirtschaft,Wechselwirkung Landnutzung - Wassernutzung,Biogeographie,Biologie,Biotechnologie,Bodengeologie,Ethik /Philosophie,Ethnologie,"Geographie (integrative, physische, Humangeographie)",Geologie,"Geomorphologie (angewandte, Risiken)",Glaziologie,Hydrobiologie,Hydrochemie,Hydrogeologie,Hydrologie,Hydrometeorologie,Klimatologie,Kommunikationswissenschaft,Meteorologie,Mineralogie (der Gesteinsverwitterung),Museologie,Naturwissenschaften,Ontologie,Paläontologie,Petrographie,Planungswissenschaften,Politikwissenschaften,Sozialwissenschaften,Sozioökonomie,Technikwissenschaften,Umweltökonomie,Wirtschaftswissenschaften
106620,,Ökosystemkunde,Biotechnologie und Angewandte Ökologie,Ökologie und Umweltschutz,,,,,,Master,HSZG,Deutsch,4,0,0,0,0,0,0,0,0,0,0,0,"4,0",150,90,5,0,0,0,0,0,0,1,0,0,0,0,0,0,0,0,0,0,0,0,1,0,Heidger,c.heidger@hszg.de,Dörnchen-Neumann,,,,,,,,,,,,,,1,,,,,,,,,,,,,,,,,,,,,,,,,,,,,,,,,,,,,,,,,,,,,,,,,,,,,,,,,,,,,,,,,,,,,,,,,,,,,,,,,,,,,,,,,,,,,,,,,,,,,,,,,,,,,,,,,,,,,,,,,,,,,,,,,,,,,,,,,,,,,,,,,,,,,,,,,,,,,,,,,,,,,,,,,,,,,,,,,,,,,,,1,,,,,,,,,,,,,,1,,,,,,,,,,,,,,,,,,,,,,,,,,,,1,,,,,,,,,,,,,,,,,,,,,,,,,,,,,,,,,,,1,,,,,,,,,1,,,,,,1,1,,,1,1,,,,,,,,,,,1,,,,,,,,1,,,,,,,,,,,,,,,,,,,,,,,,,,,,,,,,,,,,,,,,,,,,,,,,,,,,,,,,,,1,,1,1,1,1,1,,1,1,,,1,,,,,,,,,,,,,,,,,,,,,,,,,,,,,,,,,,,,,,,,,,,,,,,,,,,,,,,,,,,,,,,,,,,,,,,,,,,,,,,,,,,,,,,,,,,,,,,,,,,,,,,,,,,,,,,,,,,,,,,,,,,,,,,,,,,,,,,,,,,,,,,,,,,,,,,,,,,,,,,,,,,,,,,,,,,,,,,,,,,,,,1,,,,,,,,,,,,,,,,,,,1,,,,,,,,,,
158500,,Ökologie und Naturschutz,Biotechnologie und Angewandte Ökologie,,,,,,,Master,HSZG,Deutsch,4,0,0,0,2,0,0,0,0,0,0,0,"6,0",150,60,5,1,0,0,0,0,0,,0,0,0,0,0,0,0,0,0,0,0,0,1,0,Heidger,c.heidger@hszg.de,Dörnchen-Neumann,,,,1,,,,,,,,,,,,,,,,,,,,,,,,,,,,,,,,,,,,,,,,,,1,,,,,,,,,,,,,,,,,,,,,,,,,,,,,,,,,,,,,,,,,,,,,,,,,,,,,,,,,,,,,,,,,,,,,,,,,,,,,,,,,,,,,,,,,,,1,,,,1,,,,,,1,1,,,,,,,,,,,,,,,,,,,,,,,,,,,,,,,,,,,,,,,,,,,,,,,,,,,,1,1,1,,,,,,,,,,,,,,1,,,1,,,,,,,,,,1,,,1,,,,,,,1,,,,,1,,,,,,,,,,,,,,,,,,,,,,,,,,,,1,,,,,1,,,,1,1,,,,,,,,,1,,,,1,,,,,,1,,,,,,,,,,,,,1,,,,,1,,,,,,,,,,1,1,,,,,,,,,,,,,,,1,1,,,,,,,,,,,,,,,,,,,,,,,,,,,,,,,,,,,,,,,,,,,,,,,,,,,,,,,,1,1,,,,,1,,,,,,,,,,,,,,,,,,,,,,,,,,,,,,,,,,,,,,,,,,,,,,1,1,,,,,,,,,,,,,,,,1,,,,,1,,,,,,,,,,,,,,,,,,,,,,,,,,,,,,,,,,,,,,,,,,,,,,,,,,,,,,,,,,,,,,1,,,,,,,,,,,,,,,,,,,,,,,,,,,1,,,,,,,,,,,,,,,,,,,1,,,,,,,,,,
105110,,Allgemeine Biologie,Biotechnologie und Angewandte Ökologie,Angewandte Mathematik,Biomathematik,Chemie,Chemie KIA,Molekulare Biotechnologie,Ökologie und Umweltschutz,Master,HSZG,Deutsch,3,0,0,0,0,0,0,0,0,0,0,0,"3,0",150,105,5,0,0,0,0,0,0,1,0,0,0,0,0,0,0,0,0,0,0,0,1,0,Heidger,c.heidger@hszg.de,0,,,,,,,,,,,,,,,,,,,1,1,,1,,,,,1,1,,1,,,,,,,,,,,,,,,,,,,,,,,,,,,,,,,,,,,,,,,,,,,,,,,,,,,,,,,,,,,,,,,,,,,,,,,,,,,,,,,,,,,,,,,,,,,,,,,,,,,,,,,,,,,,,,,,,,,,,,,,,,,,,,,,,,1,,,,,,,,,,,,,,,,,,,,,,,,,,,,,,,,,,,,,,,,,,,,,,,,,,,,,,,,,,,,,,,,,,,,,,,,,,,,,,,,,,,,,,,,,,,,,,,,,,,,,,,,,,,,,,,,,,,,,,,,,,,,1,,,,,,,,,,,,,,,,,,,,,1,,,,,,,,,,,,,,,,,,,,,,,,,,,,,,,,1,,,,,,,,,1,,,,,1,,,,,,,,,,,,,,,,,,,,,,,,,,,,,,,,,,,,,,,,,,,,,,,,,,,,,,,,,,,,,,,,,,,,,,,,,,,,,,,,,,,,,,,,,,,,,,,,,,,,,,,,,,,,,,,,,,,,,,,,,,,,,,,,,,,,,,,,,,,,,,,,,,,,,,,,,,,,,,,,,,,,,,,,,,,,,,,,,,,,,,,,,,,,,,,,,,,,,,,,,,,,,,,,,,,,,,1,,,,,,,,,,,,,,,,,,,,,,,,,,,,,
158550,,Abwasser,Biotechnologie und Angewandte Ökologie,,,,,,,Master,HSZG,Deutsch,2,0,0,0,0,0,2,0,0,0,0,0,"4,0",150,90,5,0,1,0,0,0,0,0,1,0,0,0,0,0,0,0,0,0,0,0,1,0,Kayser,kayser@ihi-zittau.de,0,,,,,,,,,,,,,,,,,,,,,,,,,,,,,,,,,,,,,,,,,,,,,,,,,,,,,,,,,,,,,,,,,,,,,,,,,,,,,,,,,,,,,,,,,,,,,,,,,,,,,,,,,,,,,,,,,,,,,,,,,,,,,,,,,,,,,,,,,,,,,,,,,,,,,,,,,,,,,1,,,,,,,,,,,,,,,,,,,,,,,,,,,,,,,,,,,,,,,,,,,,,,,,,,,,,,,,,,,,,,,,,,,,,,,,,,,,,,,,,,,,,,,,,,,,,,,,,,,,,,,,,,,,,,,,,,,,,,,,,,,,,,,,,,,,,,,,,,,,,,,,,,,,,,,,,,,,,,,,,,,,,,,,,,,,,,,,,,,,,,,,,,,,,,,,,,,,,,,,,,,,,,,,,,,,,,,,,,,,,,,,,,,,,,,,,,,,,,,,,,,,,,,,,,,,,,,,,,,,,,,,,,,,,,,,,,,,,,,,,,,,,,,,,,,,,,,,,1,,,,,,,,,,,,,,,,,,,,,,,,,,,,,,,,,,,,,,,,,,,,,,,,,,,,,,,,,,,,,,,,,,,,,,,,,,,,,,,,,,,,,,,,,,,,,,,,,,,,1,,,,,,,,,,,,,,,,,,,,,,,,,,,,,,,,,,,,,,,,
106530,,Umweltorientierte Unternehmensführung - Grundlagen,Biotechnologie und Angewandte Ökologie,Integriertes Management,Ökologie und Umweltschutz,,,,,Master,HSZG,Deutsch,3,0,0,0,1,0,0,0,0,0,0,0,"4,0",150,90,5,0,0,0,0,0,0,"0,8",0,0,0,"0,2",0,0,0,0,0,0,0,0,1,0,Delakowitz,b.delakowitz@hszg.de,0,,,,,,,,,,,,,,,,,,,,,,,,,,,,,,,,,,,,,,,,,,,,,,,,,,,,,,,,,,,,,,,,,,,,,,,,,,,,,,,,,,,,,,,,,,,,,,,,,,,,,,,,,,,,,,,,,,,,,,,,,,,,,,,,,,,,,,,,,,,,,,,,,,,,,,,,,,,,,,,,,,,,,,,,,,,,,,1,,,,,,,,,,,,,,,1,,,,1,,,,,,,,,,,,,,,,,,,,,,,,,,,,,,,,,,,,,,,,,,,,,,,,,,,,,,,,,,,,,,,,,,,,,,,,,,,,,,,,,,,,,,,,,,,,,,,,,,,,,,,,,,,,,,,,,,,,,,,,,,,,,,,,,,,,,,,,,,,,,,,,,,,,,,,,,,,,,,,,,,,,,,1,,,,,,,,,,,,,,,,,,,,,,,,,,,,,,,,,,1,,,,,,,,,,,,,,,,,,,,,,,,,,,,,,,,,,,,,,,,,,,,,,,,,,,,,,,,,,,,,,,,,,,,,,,,,,,,,,,,,,,,,,,,,,,,,,,,,,,,,,,,,,,,,,,,,,,,,,,,,,,,,,,,,,,,,,,,,,,,,,,,,,,,,,,,,,,,,,,,,,,,,,,,,,,,,,,,,,,,,,,,,,,,,,,,,,,,,,,,,
156300,,Tiersystematik / Artenschutz,Biotechnologie und Angewandte Ökologie,Ökologie und Umweltschutz,,,,,,Master,HSZG,Deutsch,2,0,0,0,0,0,4,0,0,0,0,0,"6,0",150,60,5,0,1,0,0,0,0,1,0,0,0,0,0,0,0,0,0,0,0,0,1,0,Heidger,c.heidger@hszg.de,0,,,,,,,,,,,,,,,,,,,,,,,,1,,,,,,,,,,,,,,,,,,,,,,,,,,,,,,,,,,,,,,,,,,,,,,,,,,,,,,,,,,,,,,,,,,,,,,,,,,,,,,,,,,,,,,,,,,,,,1,,,,,,,,,,,,,,,,,,,,,,,,,,,,,,,,,,1,,,,,1,,,,,,,,,,,1,1,,,,,,,,,,,,,,,,,,,,,,,,,,,1,,,,,1,,,,,,,,,,,,,,,,,1,,,,,,,,,,,,,,,,,,1,,,1,,1,,1,,,,,,,,,,,,,,,,,,,,,,,,,,,,,,,,,,,,,,,,,,,,,,,,,,,,,1,,,,,,,,,,,,,,,,,,,,,,,,,,,,,,,,,,,,,,,,,,,,,,,,,,,,,,,,,,,,,,,,,,,,,,,,,,,,,,,,,,,,,,,,,,1,,,,,,,,,,,,,,,,,,,,,,,,,,,,,,,,,,,,,,,,,,,,,,,,,,,,,,,,,,,,,,,,,,,,,,,,,,,,,,,,,,,,,,,,,,,,,,,,,,,,,,,,,,,,,,,,,,,,,,,,,,,,,,,,,,,,,,,,,,,,,,,,,,,,,,,,,,,,,,,,,,,,,,,,,,,,,,,,,,,,,,,,,,,,,,,,,,,,,,,1,,,,,,,,,,
158400,,Spezielle Mikrobiologie,Biotechnologie und Angewandte Ökologie,,,,,,,Master,HSZG,Deutsch,3,0,0,0,0,0,0,0,0,0,0,0,"3,0",90,45,3,0,0,0,0,0,0,0,1,0,0,0,0,0,0,0,0,0,0,0,0,1,Hofrichter,hofrichter@ihi-zittau.de,0,,,,,,,,,,,,,,,,,,,,1,,,,,1,,,,,,,,,,,,,,,,,,,,,,,,,,,,,,,,,,,,,,,,,,,,,,,,,,,,,,,,,,,,,,,,,,,,,,,,,,,,,,,,,,,,,,,,,,,,,,,,,,,,,,,,,,,,,,,,,,,,,,,,,,,,,,,1,,,,,1,,,,1,,,,,,,,,,,,,,,,,,,,,,,,,,,,,,,,,,,,,,,,,,,,,,,,,,,,,,,,,,,,,,,,,,,,,,,,,,,,,,,,,,,,,,,,,,,,,,,,,,,,,,,,,,,,,,,,,,,,,,,,,,,,,,,,,,,,,,,,,,,,,,,,,,,,,,,,,,,,,,,,,,,,,,,,,,,,,,,,,,,,,,,,,,,,,,,,,,,,,,,,,,,,,,,,,,,,,,,,,,,,,,,,,,,,,,,,,,,,,,,,,,,,,,,,,,,,,,,,,,,,,,,,,,,,,,,,,,,,,,,,,,,,,,,,,,,,,,,,,,,,,,,,,,,,,,,,,,,,,,,,,,,,,,,,,,,,,,,,,,,,,,,,,,,,,,,,,,,,,,,,,,,,,,,,,,,,,,,,,,,,,,,,,,,,,,,,,,,,,,,,,,,,1,,,,,,,,,,,,,,,,,,,1,,,,,,,,,,
157750,,Mikrobenphysiologie,Biotechnologie und Angewandte Ökologie,,,,,,,Master,HSZG,Deutsch,4,0,0,0,1,0,1,0,0,0,0,0,"6,0",150,60,5,0,1,0,0,0,0,"0,3","0,7",0,0,0,0,0,0,0,0,0,0,0,0,1,Hofrichter,hofrichter@ihi-zittau.de,Ullrich,,,,,,,,,,,,,,,,,1,,,,,,,,1,,,,,,,,,,,,1,,,,,,,,,,,,,,,,,,,,,,,,,,,,,,,,,,,,,,,,,,,,,,,,,,,,,,,,,,,,,,,,,,,,,,,,,,,,,,,,,,,,,,,,,,,,,,,,,,,,,,,,,,,,,,,,,,,1,,,,,1,,,,,,,,,,,,,,,,,,,,,,,,,,,,,,,,,,,,,,,,,,,,,,,,,,,,,,,,,,,,,,,1,,,,,,,,,,,,,,,,,,,,,,,,,,,,,,,,,,,,,,,,,,,,,,,,,,,,,,,,,,,,,,,,,,,,,,,,,,,,,,,,,,,,,,,,,,,,,,,,,,,,,,,,,,,,,,,,,,,,,,,,,,,,,,,,,,,,,,,,,,,,,,,,,,,,,,,,,,,,,,,,,,,,,,,,,,,,,,,,,,,,,,,,,,,,,,,,,,,,,,,,,,,,,,,,,,,,,,,,,,,,,,,,,,,,,,,,,,,,,,,,,,,,,,,,,,,,,,,,,,,,,,,,,,,,,,,,,,,,,,,,,,,,,,,,,,,,,,,,,,,,,,,,,,,,,,,,,,,,,,,,,,,,,,,,,,,,,,,,,,,,,,,,,,,,,,,,,,,,,,,,,,,,1,,,,,,,,,,
144250,,Genetik/Molekularbiologie,Biotechnologie und Angewandte Ökologie,Molekulare Biotechnologie,,,,,,Master,HSZG,Deutsch,3,0,0,0,1,0,0,0,0,0,0,0,"4,0",150,90,5,0,0,0,0,0,0,1,0,0,0,0,0,0,0,0,0,0,0,0,0,1,Schubert,r.schubert@hszg.de,0,,,,,,,,,,,,,,,,,,,,,,1,,,,,,,,,,,,,,,,,,,,,,,,,,,,,,,,,,,,,,,,,,,,,,,,,,,,,,,,,,,,,,,,,,,,,,,,,,,,,,,,,,,,,,,,,,,,,,,,,,,,,,,,,,,,,,,,,,,,,,,,,,,,,,,,,,,,,,,,,,1,,,,,,,,,,,,,,,,,,,,,,,,,,,,,,,,,,,,,,,,,,,,,,,,,,,,,,,,,,,,,,,,,,,,,,1,,,,,,,,,,,,,,,,,,,,,,,,,,,,,,,,,,,,,,,,,,,,,,,,,,,,,,,,,,,,,,,,,,,,,,,,,,,,,,,,,,,,,,,,,,,,,,,,,,,,,,,,,,,,,,,,1,,,,,,,,,,,,,,,,,,,,,,,,,,,,,,,,,,,,,,,,,,,,,,,,,,,,,,,,,,,,,,,,,,,,,,,,,,,,,,,,,,,,,,,,,,,,,,,,,,,,,,,,,,,,,,,,,,,,,,,,,,,,,,,,,,,,,,,,,,,,,,,,,,,,,,,,,,,,,,,,,,,,,,,,,,,,,,,,,,,,,,,,,,,,,,,,,,,,,,,,,,,,,,,,,,,,,,,,,,,,,,,,,,,,,,,,,,,,,,,,,,1,,,,,,,,,,
158600,,Populationsbiologie,Biotechnologie und Angewandte Ökologie,,,,,,,Master,HSZG,Deutsch,2,0,0,0,0,0,2,0,0,0,0,0,"4,0",180,120,6,0,0,0,0,0,0,1,0,0,0,0,0,0,0,0,0,0,0,0,0,1,Heidger,c.heidger@hszg.de,0,,,,,,,1,,,,,,,,,,,,,,,1,,1,,,,,,,,,,,,,,,,,,,,,,,,,,,,,,,,,,,,,,,,,,,,,,,,,,,,,,,,,,,,,,,,,,,,,,,,,,,,,,,,,,,,,,,,,,,,,,,,,,,,,,,,,,,,,,,,,,,,,,,,,,,,,,,,,,,,1,,,,,,,,,,,,1,,,,,,,,,,,,,,,,,,,,,,,,,,,,,,,,1,,,,,,,,,,,,,,,,,1,,,,,,,,,,,,,,,,,,1,,,,1,,,,,,,,,,,,,,,,,,,,,,,,,,,,,,,,,,,,,,,,,,,,,,,,,,,,,,,,1,,,,,,,,,,,,,,,,,,,,,,,,,,,,,,,,,,,,,,,,,,,,,,,,,,1,,,,,,,,,,,,,,,,,,,,,,,,,,,,,,,,,,,,,,,,,,,,,,,,,,,,,,,,,,,,,,,,,,,,,,,,,,,,,,,,,,,,,,,,,,,,,,,,,,,,,,,,,,,,,,,,,,,,,,,,,,,,,,,,,,,,,,,,,,,,,,,,,,,,,,,,,,,,,,,,,,,,,,,,,,,,,,,,,,,,,,,,,,,,,,,,,,,,,,,,,,,,,,,,,,,,,,,,,,,,1,,,,,,,,,,,,,,,,,,,1,,,,,,,,,,
157800,,Ökologisches Praktikum,Biotechnologie und Angewandte Ökologie,,,,,,,Master,HSZG,Deutsch,0,0,0,0,1,0,6,0,0,0,0,0,"7,0",150,45,5,0,0,0,0,0,0,0,0,0,0,0,0,0,0,0,0,1,0,0,0,1,Hofrichter,hofrichter@ihi-zittau.de,0,,,,,,,,,,,,,,,,,,,,,,,,,1,,,,,,,,,,,,,,,,,,,,,,1,,,,,,,,,,,,,,,,,,,,,,,,,,,,,,,,,,,1,,,,,,,,,,,,,,,,,,,,,,,,,,,,,,,,,,,,,,,,,,,,,,,,,,,,,,,,,,,,,,,,,,,,,,,,,,,1,,,1,1,,,,,,1,,,,,,,,,,,,,,,,,,,,,,,,,,,,1,1,,,,1,1,,,,,,,1,,,,,,,,,,,,,,,,,,,,,,,,,,,,,,,,,,,,,,,,,,,,,,,,,,,,,,,,,,,,,,,1,,,,,,,,,,,,,,,,,,,,,,,,,,,,,,,,,,,,,,,,,,,,1,,,,,,,,,,,,,,,,,,,,,,,,,,,,,,,,,,,,,,,,,,,,,,,,,,,,,,,,,,,,,,,,,,,,,,,,,,,,,,,,,,,,,,,,,,,,,,,,,,,,,,,,,,,,,,,,,,,,,,,,,,,,,,,,,,,,,,,,,,,,,,,,,,,,,,,,,,,,,,,,,,,,,,,,,,,,,,,,,,,,,,,,,,,,,,,,,,,,,,,,,,,,,,,,,,,,,,,,,,,,,,,,,,,,,,,,,,,,,,,,,,,,,,,,,,,,,,,,,,,,,,1,,,,1,,,,,,,,,,,,,
158250,,Umweltchemie,Biotechnologie und Angewandte Ökologie,,,,,,,Master,HSZG,Deutsch,5,0,0,0,0,0,0,0,0,0,0,0,"5,0",150,75,5,0,0,0,0,0,0,1,0,0,0,0,0,0,0,0,0,0,0,0,0,1,Hofrichter,hofrichter@ihi-zittau.de,Fränzle,,,,,,,,,,,,,,,,,,,,,,,,,,,,,,,,,,,,,,,,,,,,,,,,,,,,,,,,,,,,,,,,,,,,,,,,,,,,,,,,,,,,,,,,,,,,,,,,,,,,,,,,,,,,,,,,,,,,,,,,,,,,,,,,,,,,,,,,,,,,,,,,,,,,,,,,,,,,,,,,,,,,,,,,,,,,,,,,,,,,,,,,,,,,,,,,,,,,,,,,,,,,,,,,,,,,1,,,,,,,,,,,,,,,1,,,,,,,,,1,,,,,,,,,,,,,,,,,,,,,,,,,,,,,,,,,,,,,,,,,,,,,,,,,,,,,,,,,,,,,,,,,,,,,,,,,,,,,,,,,,,,,,,,,,,,,,,,,,,,,,,,,,,1,,,,,,,,,,,,,,,,,,,,,,,,,,,,,,,,,,,,,,,,,,,,,,,,,,,,,,,,,,,,,,,,,,,,,,,,,,,,,,,,,,,,,,,,,,,,,,,,,,,,,,,,,,,,,,,,,,,,,,,,,,,,,,,,,,,,,,,,,,,,,,1,1,,1,,1,1,,,,,1,,1,,1,1,1,1,,,,,,,,,,,,,,,,,,,,,,,,,,,,,,,,,,,,,,,,,,,,,,,,,,,,,,,,,,,,,,,,,,,,,,,,,,,,,,,,,1,,,,,,,,,,
158650,,Atmosphäre und Boden,Biotechnologie und Angewandte Ökologie,,,,,,,Master,HSZG,Deutsch,4,0,0,0,0,0,1,0,0,0,0,0,"5,0",180,105,6,0,1,0,0,0,0,0,1,0,0,0,0,0,0,0,0,0,0,0,0,1,Seidler,seidler@ihi-zittau.de,0,geht in Rente,,,,,,,,,,,,,,,,,,,,,,,,,,1,,,,,,,,,,,,,,,1,,,1,,,1,,,,1,,,,,,,,,,,,,,,,,,,,,,,,,,,,,,,,,,,,,,,,,,,,,,,,,,,,,,,,,,,,,,,,,,,,,,,,,1,1,,,,,,,,,,,1,,,,,,,,,,1,,,,,,,,,,,,,,,,,,,,,,1,,,,,,,,,,,,,,,,,,,,,,,,,,1,,,,,,,,,,,,,,,,,,,,,,,,,,,,,,,,,,,,,,,,,,,,,,,,,,,,,,,,,,,,,,,,,,,,,,,,,,,,,,,,,,,,,,,,,,,,,,,,,,,,,,,,,,,,,,,,,,,,,,,,,,,,,,,1,1,,,,,,,,,,,,,,,,,,,,,,,,,,,,,,,,,,,,,,,,,,,,,,,,,,,,,,,,,,,,,,,,,,,,,,,,,,,,,,,,,,,,,,,,,,,,,,,,,,,,,,,,,,,,,,,,,,,,,,,,,,,,,,,,,,1,,,,,,,,,,,,,,,,,,,,,,,,,,,,,,,,,,,,,,,,,,,,,,,,,,,,,,,,,,,,,,,,,,,,,,,,,,,,,,,,,,,,,,,1,,,1,1,,,,,,,,,,,,,,,,,,,,,,,,,,,,,,,,,,,,,1,,,1,,,,,,,,,,
141000,,Vegetationskunde,Biotechnologie und Angewandte Ökologie,Ökologie und Umweltschutz,,,,,,Master,HSZG,Deutsch,0,0,0,0,"0,5",0,"3,5",0,0,0,0,0,"4,0",150,90,5,0,1,0,0,0,0,1,0,0,0,0,0,0,0,0,0,0,0,0,0,1,Heidger,c.heidger@hszg.de,Dörnchen-Neumann,,,,,,,,,,,,,,,,,,,,,,,,,,,,,,,,,,,,,,,,,,,,,,,,,,,,,,,,,,,,,,,,,,,,,,,,,,,,,,,,,,,,,,,,,,,,,,,,,,,,,,,,,,,,,,,,,,,,,1,,,,,,,,,,,,,,,,,,,,,,,,,,,,,,,,,,,,,1,1,,,1,,,,1,,,,,,,1,1,,,,,,,,,,,,,,,,,,,,,,,,,1,,1,,,,,1,,,,,,,,1,,,,1,,,,,,,,,,1,,,,,1,,,,,,1,,1,,,,,1,,,,,,,,,,,,,,,,,,,,,,,,,,,,,,,,,,,,,,,,,,,,,,,,,,,,1,,,,,,,,,,,,,,1,,,1,,,,,,,,,,,,,,,,,,1,,,,,,,,,,,,,,,,,,,,,,,,,,,,,,,,,,,,,,,,,,,,,,,,,,,,,,,,,,,,,,,,,,,,,,,,,,,,,,,,,,,,,,,,,,,,,,,,,,,,,,,,,,,,,,,,,,,,,,,,,,,,,,,,,,,,,,,,,,,,,,,,1,,,,,,,,,,,,,,,,,,,,,,,,,,,,,,,,,,,,,,,,,,,,,,,,,,,,,,,,,,,,,,,,,,,,,,,,,,,,,,,,,,,,,,,,,,,,1,,,,,,,,,,,,,,,,,,,1,,,,,,,,,,
157900,,Ausgewählte Aspekte der technischen Umweltmikrobiologie,Biotechnologie und Angewandte Ökologie,,,,,,,Master,HSZG,Deutsch,3,0,0,0,0,0,3,0,0,0,0,0,"6,0",180,90,6,0,1,0,0,0,0,"0,3","0,5",0,0,"0,2",0,0,0,0,0,0,0,0,1,0,Kayser,kayser@ihi-zittau.de,0,,,,,,,,,,,,,,,,,,,,,,,,,1,,,,,,,,,1,1,,,,,,,,,,,,,,,,,,,,,,,,,,,,,,,,,,,,,,,,,,,,,,,,,,,,,,,,,,,,,,,,,,,,,,,,,,,,,,,,,,,,,,,,,,,,,,,,,,,,,,,,,,,,,,,,,,,,,,,,,,1,,,,,,,,,,,,1,,,,,,,,,,,,,,,,,,,,,,,,,,,,,,,,,,,,,,,,,,,,,,,,,,,,,,,,,,,,,,,,,,,,,,,,,,,,,,,,,,,,,,,,,,,,,,,,,,,,,,,,,,1,,,,,,,,,,,,,,,,,,,,,,,,,,,,,,,,,,,,,,,,,,,,,,,,,,,,,,,,,,,,,,,,,,,,,,,,,,,,,,,,,,,,,,,,,,,,,,,,,,,,,,,,,,,,,,,,,,,,,,,,,,,,,,,,,,,,,,,,,,,,,,,,,,,,,,,,,,,,,,,,,,,,,,,,,,,,,,,,,,,,,,,,,,,,,,,,,,,,,,,,,,,,,,,,,,,,,,,,,,,,,,,,,,,,,,,,,,,,,,,,,,,,,,,,,,,,,,,,,,,,,,,,,,,,,,,,,,,,,,,1,,,,,,,,,,,,1,,,,,,,,,,,,,,,,,,,,,,,,,,,,
158750,,Bodenökologie,Biotechnologie und Angewandte Ökologie,,,,,,,Master,HSZG,Deutsch,2,0,0,0,0,0,"1,5",0,0,0,0,0,"3,5",90,"37,5",3,0,0,0,0,0,0,0,"0,75",0,0,0,0,0,0,0,0,"0,25",0,0,1,0,Hofrichter,hofrichter@ihi-zittau.de,0,,,,,,,,,,,,,,,,,,,,,,,,,,,,,,,,1,1,,,,,1,1,1,,,,,,,,,,,,,,,,,,,,,,,,,,,,,,,,,,,,,,,,,,,,,,,,,,,,,,,,,,,,,,,,,,,,,,,,,,,,,,,,,,,,,,,,,,,,,,,,,,,,,,,,,,,,,,,,1,,1,,,1,,,,1,,,,,,,,1,,,,,,,,,,,,,,,,,,,,,,,,,,1,,1,1,,,,,,,,,,,,1,,,,,,,1,,,,,,,,,,,,,,,,,,,,,,,,,,,,,,,,,,,,,,,,,,,,,,,,,,,,,,,,,,,,,,,,,,,,,,,,,,,,,,,,,,,,,,,,1,,,,,,,,,,,,,,1,,,,,,,,,1,,,,,1,,,,,,,,,,,,,,,,,,,,,,,,,,,,,,,,,,,,,,,,,,,,,,,,,,,,,,,,,,,,,,,,,,,,,,,,,,,,,,,,,,,,,,,,,,,,,,,,,,,,,,,,,,,,,,,,,,,1,,,,,,,,,,,,,,,,,,,,,,,,,,,,,,,,,,,,,,,,,,,,,,,,,,,,,,,1,,,,,,,,,,,,,,,,,,,,,,,,,,,,,,,,,,,,,,,,,,,,,,,,,,,,,,,,,,,,,,,1,,,,,,,,,,,,,,,,,,,,,,,,,,,,
106780,,Angewandte Pflanzenökologie,Biotechnologie und Angewandte Ökologie,,,,,,,Master,HSZG,Deutsch,4,0,0,0,1,0,1,0,0,0,0,0,"6,0",300,210,10,1,0,0,0,0,0,1,0,0,0,0,0,0,0,0,0,0,0,0,1,0,Heidger,c.heidger@hszg.de,Dörnchen-Neumann,,,,,,,,,,,,,,,,,,,,,,,,,,1,,,,,,,,,,,,,,,,,,,,,,,,,,,,,,,,,,,,,,,,,,,,,,,,,,,,,,,,,,,,,,,,,,,,,,,,,,,,,,,,,,,,,,,,,,,,,,,,,,,,,,,,,,,,,,,,,,,,,,,,,,,,,,,,,,,,,,,,,,,,,,,,,,,,,,,,,,,,,,,,,,,,,,,,,,,,,,,,,,,,,,,,,,,,,,,,,,,,,,,,,,,,,,,,,,,,,,,,,,,,,,,,,1,,,,1,,,,1,,,,,,,,,,,,,,,,,,,,,,,,,,,,,,,,,,,,,,,,,,,,,,,,,,,,,,,,,,,,,,,,,,,,,,,,,,,,,,,,,,,,,,,,,,,,,,,,,,,,,,,,,,,,,,,,,,,,,,,,,,,,,,,,,,,,,,,,,,,,,,,,,,,,,,,,,,,,,,,,,,,,,,,,,,,,,,,,,,,,,,,,,,,,,,,,,,,,,,,1,,,,,,,,,,,,,,,1,1,,,,,,1,1,,,,,,,,,,,,,,,,,,,,,,,,,,,,,,,,,,,,,,,,1,,,,,,,,,,,,,,,,,,,,,,,,,,,,,,,,,,,,,,,,,,,,,,,,,,,,,,,,,,,,,,,1,,,,,,,,,,
158200,,Pflanzliche Biotechnologie,Biotechnologie und Angewandte Ökologie,,,,,,,Master,HSZG,Deutsch,4,0,0,0,0,0,2,0,0,0,0,0,"6,0",150,60,5,0,0,0,0,0,0,"0,5","0,3",0,0,0,0,0,0,0,0,"0,2",0,0,1,0,"Greif, Seidler (geht in Rente)",d.greif@hszg.de seidler@ihi-zittau.de,0,Seidler geht in Rente,,,,,158200,,,,,,,,,,,,,,,,,,,,1,,,,,,,,,,,,,,,,,,,,,,,,,,,,,,,,,,,,,,,,,,,,,,,,,,,,,,,,,,,,,,,,,,,,,,,,,,,,,,,,,,,,,,,,,,,,,,,,,,,,,,,,,,,,,,,,,,,,,,,,,,,,,,,,,,,,,,,,,,,,,,,,,,,,,,,,,,,,,,,,,,,,,,,,,,,,,,,,,,,,,,,,,,,,,,,,,,,,,,,,,,,,,,,,,,,,,,,,,,,,,,,,,,,,,,,,,,1,,,,,,,,,,,,,,,,,,,,,,,,,,,,,,,,,,,,,,,,,,,,,,,,,,,,,,,,,,,,,,,,,,,,,,,,,,,,,,,,,,,,,,,,,,,,,,,,,,,,,,,,,,,,,,,,,,,,,,,,,,,,,,,,,,,,,,,,,,,,,,,,,,,,,,,,,,,,,,,,,,,,,,,,,,,,,,,,,,,,,,,,,,,,,,,,,,,,,,1,,,,,,,,,,,,,,,,,,,,,,,,,,,,,,,,,,,,,,,,,,,,,,,,,,,,,,,,,,,,,,,,,,,,,,,,,,,,,,,,,,,,,,,,,,,,,,,,,,,,,,,,,,,,,,,,,,,,,,,,,,,,,,1,,,,,,,,,,
185400,,Simulation von Umweltsystemen,Biotechnologie und Angewandte Ökologie,Angewandte Mathematik,Biomathematik,,,,,Master,HSZG,Deutsch,"2,5",0,0,0,"0,5",0,1,0,0,0,0,0,"4,0",150,90,5,0,0,0,0,0,0,0,0,0,0,1,0,0,0,0,0,0,0,0,1,0,Kästner,w.kaestner@hszg.de,0,,,,,,,,,,,,,,,,,,,,,,,,,,,,,,,,,,,,,,,,,,,,,,,,,,,,,,,,,,,,,,,,,,,,,,,,,,,,,,,,,,,,,,,,,,,,,,,,,,,,,,,,,,,,,,,,,,,,,,,,,,,,,,,,,,,,,,,,,,,,,,,,,,,,,,,,,,,,,,,,,,,,,,,,,,,,,,,,,,,,,,,,,,,,,,,,,,,,,,,,,,,,,,,,,,,1,,,,,,,,,,,,1,,,,,,,,,,,,,,,,,,,,,,,,,,,,,,,,,,,,,,,,,,,,,,,,,,,,,,,,,,,,,,,,,,,,,,,,,,,,,,,,,,,,,,,,,,,,,,,,,,,,,,,,,,,,,,,,,,,,,,,,,,,,,,,,,,,,,,,,,,,,,,,,,,,,,,,,,,,,,,,,,,,,,,,,,,,,,,,,,,,,,,,,,,,,,,,,,,,,,,,,,,,,,,,,,,,,,,,,,,,,,,,,1,,,,,,,,,,,,,,,,,,,,,,,,,,,,,,,,,,,,,,,,,,,,,,,,,,,,,,,,,,,,,,,,,,,,,,,,,,,,,,,,,,,,,,,,,,,,,,,,,,,,,,,,,,,,,,,,,,,,,,,,,,,,,,,,,,,,,,,,,,,,,,,,,,,
158800,,Biotechnik,Biotechnologie und Angewandte Ökologie,,,,,,,Master,HSZG,Deutsch,"2,5",0,0,0,"0,5",0,2,0,0,0,0,0,"5,0",150,75,5,0,0,0,0,0,0,0,"0,7",0,0,0,0,0,0,0,0,"0,3",0,0,1,0,Hofrichter,,0,,,,,,,,,,,,,,,,,,,,,,,,,1,,,,,,,1,1,1,,1,,,1,1,,,,,,,,,,,,,,,,,,,,,,,,,,,,,,,,,,,,,,,,,,,,,,,,,,,,,,,,,,,,,,,,,,,,,,,,,,,,,,,,,,,,,,,,,,,,,,,,,,,,,,,,,,,,,,,,,,,,,1,,,,1,,,,,,,,,,,,,,,,,,,,,,,,,,,,,,,,,,,,,,,,,,,,,,,,,,,,,,,,,,,,,,,,,,,,,,,,,,,,,,,,,,,,,,,,,,,,,,,,,,,,,,,,,,,,,,,,,,,,,,,,,,,,,,,,,,,,,,,,,,,,,,,,,,,,,,,,,,,,,,,,,,,,,,,,,,,,,,,,,,,,,,,,,,,,,,,,,,,,,,,,,,,,,,,,,,,,,,,,,,,,,,,,,,,,,,,,,,,,,,,,,,,,,,,,,,,,,,,,,,,,,,,,,,,,,,,,,,,,,,,,,,,,,,,1,,,,,,,,,,,,,,,,,,,,,,,,,,,,,,,,,,,,,,,,,,,,,,,,,,,,,,,1,,,,,,,,,,,,,,,,,,,,,,,,,,,,,,,,,,,,,,,,,,,,,,,,,,,,,,,,,,,,,,,1,,,,,,,,,,,,,,,,,,,,,,,,,,,,
158700,,Populationsgenetik,Biotechnologie und Angewandte Ökologie,,,,,,,Master,HSZG,Deutsch,0,0,0,0,"0,5",0,"3,5",0,0,0,0,0,"4,0",180,120,6,0,0,0,0,0,0,"0,6",0,0,0,0,0,0,0,0,0,"0,4",0,0,1,0,Heidger,c.heidger@hszg.de,Dörnchen-Neumann,,,,,,,1,,,,,,,,,,,,,,,1,,,,,,,,,,,,,,,,,,,,,,,,,,,,,,,,,,,,,,,,,,,,,,,,,,,,,,,,,,,,,,,,,,,,,,,,,,,,,,,,,,,,,,,,,,,,,,,,,,,,,,,,,,,,,,,,,,,,,,,,,,,,,,,,,,,,,,,,,,,,,,,,,,,,,,,,,,,,,,,,,,,,,,,,,,,,,,,,,,,,,,,,1,,,,,,,,,,,,,,,1,,,,,,,,,1,,,,,,,,,,,,,,,,,,,,,,,,,,,,,,,,,,,,,,,,,,,,,,,,,,,,,,,,,,,,,,,,,,,,,,,,,,,,,,,,,,,,,,,,,,,,,,,,,,,,,,,,,,,,,,,,,,,,,,,,,,,,,,,,,,,,,,,,,,,,,,,,,,,,,,,,,,,,,,,,,,,,,,,,,,,,,,,,,,,,,,,,,,,,,,,,,,,,,,,,,,,,,,,,,,,,,,,,,,,,,,,,,,,,,,,,,,,,,,,,,,,1,,,,,,,1,1,1,,,,,,,,,,,,,,,,,,,,,,,,,,,,,,,,,,,,,,,,,,,,,,,,,,,,,,,,,,,,,,,,,,,,,,,,,,,,,,,,,,,,,,,,,,,,,,,,,,,,,,1,,,,,,,,,,
106030,,Toxikologie,Biotechnologie und Angewandte Ökologie,Molekulare Biotechnologie,,,,,,Master,HSZG,Deutsch,4,0,0,0,0,0,0,0,0,0,0,0,"4,0",150,90,5,0,0,0,0,0,0,"0,7",0,0,0,"0,3",0,0,0,0,0,0,0,0,1,1,Gey,m.gey@hszg.de,0,,,,,,,,,,,,,,,,,,,,,,,,,,,,,,,,,,,,,,,,,,,,,,,,,,,,,,,,,,,,,,,,,,,,,,,,,,,,,,,,,,,,,,,,,,,,,,,,,,,,,,,,,,,,,,,,,,,,,,,,,,,,,,,,,,,,,,,,,,,,,,,,,,,,,,,,,,,,,,,,,,,,,,,,,,,,,,,,,,,,,,,,,,,,,,,,,,,,,,,,,,,,,,,,,,,,,,,,,,,,,,,,,,1,,,,,,,,,,,,,,,,,,,,,,,,,,,,,,,,,,,,,,,,,,,,,,,,,,,,,,,,,,,,,,,,,,,,,,,,,,,,,,,,,,,,,,,,,,,,,,,,,,,,,,,,,,,,,,,,,,,,,,,,,,,1,,,,,,,,,,,,,,,,,,,,,,,,,,,,,,,,,,,,,,,,,,,,,,,,,,,,,,,,,,,,,,,,,,,,,,,,,,,,,,,,,,,,,,,,,,,,,,,,,,,,,,,,,,,,,,,,,,,,,,,,,,,,,,,,,,,,,,,,,,,1,,1,,1,,,,,,,1,1,,,,1,,,,,,,,,,,,,,,,,,,,,,,,,,,,,,,,,,,,,,,,,,,,,,,,,,,,,,,,,,,,,,,,,,,,,,,,,,,,,,,,,,,,,,,,,,
157500,,Ökologische Biochemie,Biotechnologie und Angewandte Ökologie,,,,,,,Master,HSZG,Deutsch,2,0,0,0,0,0,0,0,0,0,0,0,"2,0",90,60,3,0,0,0,0,0,0,0,0,1,0,0,0,0,0,0,0,0,0,0,1,0,Heidger,c.heidger@hszg.de,0,,,,,,,,,,,,,,,,,,,,,,,,,,1,,,,,,,,,,,,,,,,,,,,,,,,,,,,,,,,,,,,,,,,,,,,,,,,,,,,,,,,,,,,,,,,,,,,,,,,,,,,,,,,,,,,,,,,,,,,,,,,,,,,,,,,,,,,,,,,,,,,,,,,,,,,,,,,,,,,,,,,,,,,,,,,,,,,,,,,,,,,,,,,,,,,,,,,,,,,,,,,,,,,,,,,,,,,,,,,,,,,,,,,,,,,,,,,,,,,,,,,,,,,,,,,,,,,,,,,,,1,,,,,,,,,,,,,,,,,,,,,,,,,,,,,,,,,,,,,,,,,,,,,,,,,,,,,,,,,,,,,,,,,,,,,,,,,,,,,,,,,,,,,,,,,,,,,,,,,,,,,,,,,,,,,,,,,,,,,,,,,,,,,,,,,,,,,,,,,,,,,,,,,,,,,,,,,,,,,,,,,,,,,,,,,,,,,,,,,,,,,,,,,,,,,,,,,,,,,,,,,,,,,,,,,,,,,,,,,,,,,,,,,,,,,,,,,,,,,,,,,,,,,,,,,,,,,,,,,,,,,,,,,,,,,,,,,,,,,,,,,,,,,,,,,,,,,,,,,,,,,,,,,,,,,,,,,,,,,,,,,,,,1,,,,,,,,,,
157550,,Wissenschaftliche Probleme aus der Praxis,Biotechnologie und Angewandte Ökologie,,,,,,,Master,HSZG,Deutsch,0,0,0,0,0,0,6,0,0,0,0,0,"6,0",240,150,8,0,0,0,0,0,0,0,0,1,0,0,0,0,0,0,0,0,0,0,1,0,"Hofrichter, Heidger, Fränzle, Kayser, Seidler, Liers, Ullrich",hofrichter@ihi-zittau.de,0,,,,,,,,,,,,,,,,,,,,,,,,,,,,,,,,,,,,,,,,,,,,,,,,,,,,,,,,,,1,,,,1,,,,,,,,,1,,,,,,,,,,,,,,,,,,,,,,,,,,,,,,,,,,,,,,,,,,,,,,,,,,,,,,,,,,,,,,,,,,,,,,,,,,,,,,,,,,,,,,,,,,,,,,,,,,,,,,,,,,,,,,,,,,,,,,,,,,,,,,,,,,,,,,,,,,,,,,,,,,,,,,,,,,,,,1,,,,,,,,,,,,,,,,,,,,,,,,,,,,,,,,,,,,,,,,,,,,,,,,,,,,,,,,,,,,,,,,,,,,,,,,,,,,,,,,,,,,,,,,,,,,,,,,,,,,,,,,,,,,,,,,,,,,,,,,,,,,,,,,,,,,,,,,,,,,,,,,,,,,,,,,,,,,,,,,,,,,,,,,,,,,,,,,,,,,,,,,,,,,,,,,,,,,,,,,,,,,,,,,,,,,,,,,,,,,,,,,,,,,,,,,,,,,,,,,,,,,,,,,,,,,,,,,,,,,,,,,,,,,,,,,,,,,,,,,,,,,,,,,,,,,,,,,,,,,,,,,,,,,,,,,,,,,,,,,,,,,,,,,,,,,,,,,,,,,,,,,,,,,,,,,,,,,,,,,,,,,,,
106610,,Allgemeine Ökologie,Biotechnologie und Angewandte Ökologie,Ökologie und Umweltschutz,,,,,,Master,HSZG,Deutsch,4,0,0,0,0,0,0,0,0,0,0,0,"4,0",120,60,4,,0,0,0,0,0,1,0,0,0,0,0,0,0,0,0,0,0,0,1,0,Heidger,c.heidger@hszg.de,Dörnchen-Neumann,,,,,,,,,,,,,,,,,,,,,,,,,,,,,,,,,,,,,,,,,,,,,,,,,,,,,,,,,,,,,,,,,,,,,,,,,,,,,,,,,,,,,,,,,,,,,,,,,,,,,,,,,,,,,,,,,,,,,,,,,,,,,,,,,,,,,,,,,,,,,1,,,,,,1,1,,,,,,,,,,,,,,,,,,,,,,,,,,,,,,,,,,,,,,,,,,,,,,,,,,,,1,1,1,,,,,,,,,,,,,,,,,1,,,,,,,,,1,1,,,,,,,,,,,,,,,,,,,,,,,,,,,,,,,,,,,,,,,,,,,1,,,,,1,,,,1,1,,,,,,,,,1,,,,,,,1,,,1,,,,,,,,,,,,,1,,,,,1,,,,,,,,,,,,,,1,,,,,,,,,,,,1,,,,,,,,,,,,,,,,,,,,,,,,,,,,,,,,,,,,,,,,,,,,,,,,,,,,,,,,,,,,,,,,,,,,,,,,,,,,,,,,,,,,,,,,,,,,,,,,,,,,,,,,,,,,,,,,,,,,,,,,,,,,,,1,,,1,,1,,,,,1,,,,,,,,,,,,,,,,,,,,,,,,,,,,,,,,,,,,,,,,,,,,,,,,,,,,,,,,,1,,,,,,,,,,,,,,,,,,,,,,,,,,,1,,,,,,,,,,,,,,,,,,,1,,,,,,,,,,
157850,,Spezielle Aspekte der Botanik,Biotechnologie und Angewandte Ökologie,,,,,,,Master,HSZG,Deutsch,1,0,0,0,2,0,1,0,0,0,0,0,"4,0",120,60,4,0,1,0,0,0,0,1,0,0,0,0,0,0,0,0,0,0,0,0,0,1,Seidler,seidler@ihi-zittau.de,0,geht in Rente,,,,,,,,,,,,,,,,,,,,,,,,,,,,,,,,,,,,,,,,,,,,,,,,,,,,,,,,,,,,,,,,,,,,,,,,,,,,,,,,,,,,,,,,,,,,,,,,,,,,,,,,,,,,,,,,,,,,,,,,,,,,,,,,,,,,,,,,,,,,,,,,,,,,,,,,,,1,,,1,,,,1,,,,,,,1,,,,,,,,,,,,,,,,,,,,,,,,,,1,,,,,,,,,,,,,,,,,,,,,,,,,,,,,,,,,,,,,,,,,,,,,,,,,,,,,,,,,,,,,,,,,,,,,,,,,,,,,,,,,,,,,,,,,,,,,,,,,,,1,,,,,,,,,,,,,,,,,,,,,,,,,,,,,,,,,,,,,,,,,,,,,,,,,,,,,,,,,,,,,,,,,,,,,,,,,,,,,,,,,,,,,,,,,,,,,,,,,,,,,,,,,,,,,,,,,,,,,,,,,,,,,,,,,,,,,,,,,,,,,,,,,,,,,,,,,,,,,,,,,,,,,,,,,,,,,,,,,,,,,,,,,,,,,,,,,,,,,,,,,,,,,,,,,,,,,,,,,,,,,,,,,,,,,,,,,,,,,,,,,,,,,,,,,,,,,,,,,,,,,,,,,,,,,,,1,,,,,,,,,,,,,,,,,,,1,,,,,,,,,,
158100,,Umweltsysteme,Biotechnologie und Angewandte Ökologie,,,,,,,Master,HSZG,Deutsch,6,0,0,0,0,0,0,0,0,0,0,0,"6,0",180,90,6,0,0,0,0,0,0,"0,25","0,75",0,0,0,0,0,0,0,0,0,0,0,0,1,Seidler,seidler@ihi-zittau.de,0,geht in Rente,,,,,,,,,,,,,,,,,,,,,,,,,,1,,,,,,,,,,,,,,,1,,,1,,,1,,,,1,,,,,,,,,,,,,,,,,,,,,,,,,,,,,,,,,,,,,,,,,,,,,,,,,,,,,,,,,,,,,,,,,,,,,,,,,1,1,,,,,,,,,,,1,,,,,,,,,,1,,,,,,,,,,,,,,,,,,,,,,,,,,,,,,,,,,,,,,,,,,,,,,,,,,,,,,,,,,,,,,,,1,1,,,,,,,,,,,1,,,,1,,,,,,,,,1,,,,,,,,,,,,,,,,,,,,,,,,,,,,,,,,,,,,,,,,1,,,,,,,,,,,,,,,,,,,,,,,,,,,,,,,,,,,,,,,,,,,,,,1,1,,,,,,,,,,,,,,,,,,,,1,,,,,,,,,,,,,,,,,,,,,,,,,,,,,,,,,,,,,,,,,,,,,,,,,,,,,,,,,,,,,,,,,,,,,,,,,,,,,,,,,,,,,,,,,,,,,,,,,,,,,,,,,,,,,,1,,,,,,,,,,,,,,,,,,,,,,,,,,,,,,,,,1,,1,,,,,,,,1,,1,,1,1,,1,,,,,,,,,,,,,,,,,,,,,,,,,,,,,,,,,,,,,1,,,1,1,,,,,,,,,,,,,,,,,,,,,,,,,,,,,,,,,,,,,1,,,1,,,,,,,,,,
158150,,Modellierung dynamischer Systeme,Biotechnologie und Angewandte Ökologie,,,,,,,Master,HSZG,Deutsch,0,0,0,0,2,0,1,0,0,0,0,0,"3,0",90,45,3,0,0,0,0,0,0,1,0,0,0,0,0,0,0,0,0,0,0,0,0,1,Kästner,w.kaestner@hszg.de,0,,,,,,,,,,,,,,,,,,,,,,,,,,,,,,,,,,,,,,,,,,,,,,,,,,,,,,,,,,,,,,,,,,,,,,,,,,,,,,,,,,,,,,,,,,,,,,,,,,,,,,,,,,,,,,,,,,,,,,,,,,,,,,,,,,,,,,,,,,,,,,,,,,,,,,,,,,,,,,,,,,,,,,,,,,,,,,,,,,,,,,,,,,,,,,,,,,,,,,,,,,,,,,,,,,,1,,,,,,,,,,,,1,,,,,,,,,,,,,,,,,,,,,,,,,,,,,,,,,,,,,,,,,,,,,,,,,,,,,,,,,,,,,,,,,,,,,,,,,,,,,,,,,,,,,,,,,,,,,,,,,,,,,,,,,,,,,,,,,,,,,,,,,,,,,,,,,,,,,,,,,,,,,,,,,,,,,,,,,,,,,,,,,,,,,,,,,,,,,,,,,,,,,,,,,,,,,,,,,,,,,,,,,,,,,,,,,,,,,,,,,,,,,,,,,,,,,,,,,,,,,,,,,,,,,,,,,,,,,,,,,,,,,,,,,,,,,,,,,,,,,,,,,,,,,,,,,,,,,,,,,,,,,,,,,,,,,,,,,,,,,,,,,,,,,,,,,,,,,,,,,,,,,,,,,,,,,,,,,,,,,,,,,,,,,,,,,,,
157950,,Umwelt- und Bioanalytik,Biotechnologie und Angewandte Ökologie,,,,,,,Master,HSZG,Deutsch,2,0,0,0,0,0,2,0,0,0,0,0,"4,0",150,90,5,0,0,0,0,0,0,0,"0,75",0,0,0,0,0,0,0,0,"0,25",0,0,1,0,"Hofrichter, Fränzle",hofrichter@ihi-zittau.de fraenzle@ihi-zittau.de,0,,,,,,,,,,,,,,,,,,,,,,,,,,,,,,,,,,,,,,,,,,,,,,,,,,,,,,,,,,,,,1,,,,,,,,,,,,,,,,,,,,,,,,,,,,,,,,,,,,,,,,,,,,,,,,,,,,,,,,,,,,,,,,,,,,,,,,,,,,,,,,,,,,,,,,,,,,,,,,,,,,,,,,,,,,,,,,,,,,,,,,,,,,,,,,,,,,,,,1,,,,,,,,,,,,,,,,,,,,,,1,,,,,,,,,,,,,,,,,,,,,,,,,,,,,,,,,,,,,,,,,,,,,,,,,,,,,,,,,,,,,,,,,,,,,,,,,,,,,,,,,,,,,,,,,,,,,,,,,,,,,,,,,,,,,,,,,,,,,,,,,,,,,,,,,,,,,,,,,,,,,,,,,,,,,,,,,,,,,,,,,,,,,,,,,,,,,,,,,,,,,,,,,,,,,,,,,,,,,,,,,,,,,,,,,,,,,,,,,,,,,,,,,,,,,,,,,,,,,,,,,,,,,,,,,,,,,,,,,,,,,,,,,,,,,,,,,,,,,,,,,,,,,,,,,,,,,,,,,,,,,,,,,,,,,,,,,,,,,,,,,,,,,,,,,,,,,,,,,,,,,,,,,,,,,,,,,,,,,,,,,,,,,,1,,,,,,,,,,
158000,,Theorie und Praxis wissenschaftlichen Arbeitens,Biotechnologie und Angewandte Ökologie,,,,,,,Master,HSZG,Deutsch,"0,5",0,0,0,"2,5",0,0,0,0,0,0,0,"3,0",120,75,4,0,0,0,0,0,0,0,0,0,0,1,0,0,0,0,0,0,0,0,1,0,Hofrichter,hofrichter@ihi-zittau.de,0,,,,,,,,,,,,,,,,,,,,,,,,,,,,,,,,,,,,,,,,,,,,,,,,,,,,,,,,,,,,,,1,,,,1,,1,,1,,1,1,,,,,,,,,,,,,,,,,,,,,,,,,,,,,,,,,,,,,,,,,,,,,,,,,,,,,,,,,,,,,,,,,,,,,,,,,,,,,,,,,,,,,,,,,,,,,,,,,,,,,,,,,,,,,,,,,,,,,,,,,,,,,,,,,,,,,,,,,,,,,,,,,,,,,,,,,,,1,,,,,,,,,,,,,,,,,,,,,,,,,,,,,,,,,,,,,,,,,,,,,,,,,,,,,,,,,,,,,,,,,,,,,,,,,,,,,,,,,,,,,,,,,,,,,,,,,,,,,,,,,,,,,,,,,,,,,,,,,,,,,,,,,,,,,,,,,,,,,,,,,,,,,,,,,,,,,,,,,,,,,,,,,,,,,,,,,,,,,,,,,,,,,,,,,,,,,,,,,,,,,,,,,,,,,,,,,,,,,,,,,,,,,,,,,,,,,,,,,,,,,1,,,,,,,,,,,,,,,,,,,,,,,,,,,,,,,,,,,,,,,,,,,,,,,,,,,,,,,,,,,,,,,,,,,,,,,,,,,,,,,,,,,,,,,,,,,,,,,,,,,,,,,,,,,,,,,,,,,,,,,,,
158300,,Aquatische Aufbereitungstechnik,Biotechnologie und Angewandte Ökologie,,,,,,,Master,HSZG,Deutsch,2,0,0,0,0,0,2,0,0,0,0,0,"4,0",120,60,4,0,0,0,0,0,0,0,"0,75",0,0,0,0,0,0,0,0,"0,25",0,0,0,1,Kayser,kayser@ihi-zittau.de,0,,,,,,,,,,,,,,,,,,,,,,,,,,,,,,,,,,,1,,,,,,,,,,,,,,,,,,,,,,,,,,,,,,,,,,,,,,,,,,,,,,,,,,,,,,,,,,,,,,,,,,,,,,,,,,,,,,,,,,,,,,,,,,,,,,,,,,,,,,,,,,,,,,,,,,,,,,,,,,,,,,,,,,,,,,,,,,,,,,,,,,,,,,,,,,,,,,,,,,,,,,,,,,,,,,,,,,,,,,,,,,,,,,,,,,,,,,,,,,,,,,,,,,,,,,,,,,,,,,,,,,,,,,,,,,,,,,,,,,,,,,,,,,,,,,,,,,,,,,,,,,,,,,,,,,,,,,,,,,,,,,,,,,,,,,,,,,,,,,,,,,,,,,,,,,,,,,,,,,,,,,,,,,,,,,,,,,,,,,,,,,,,,,,,,,,,,,,,,,,,,,,,,,,,,,,,,,,,,,,,,,,,,,,,,,,,,,,,,,,,,,,,,,,,,,,,,,,,,,,,,,,,,,,,,,,,,,,,,,,,,,,,,,,,,,,,,,,,,,,,,,,,,,,,,,,,,,,,,,,,,,,,,,,,,,,,,,,,,,,,,,,,,,,,,,,,,,,1,,,,,1,,,,,,,,,,,,,,,,,,,,,,,,,,,,,,,,,,,
158450,,Umweltbiotechnologie,Biotechnologie und Angewandte Ökologie,,,,,,,Master,HSZG,Deutsch,"2,5",0,0,0,"0,5",0,0,0,0,0,0,0,"3,0",90,45,3,0,0,0,0,0,0,0,1,0,0,0,0,0,0,0,0,0,0,0,1,0,"Hofrichter, Wanner",hofrichter@ihi-zittau.de,0,,,,,,,,,,,,,,,,,,,,,,,,,1,,,,,,,1,1,,,,,,1,1,,,,,,,,,,,,,,,,,,,,,,,,,,,,,,,,,,,,,,,,,,,,,,,,,,,,,,,,,,,,,,,,,,,,,,,,,,,,,,,,,,,,,,,,,,,,,,,,,,,,,,,,,,,,,,,,,,,,,,,,1,1,,,,,,,,,,,,,,,,,,,,,,,,,,,,,,,,,,,,,,,,,,,,,,,,,,,,,,,,,,,,,,,,,,,,,,,,,,,,,,,,,,,,,,,,,,,,,,,,,,,,,,,,,,,,,,,,,,,,,,,,,,,,,,,,,,,,,,,,,,,,,,,,,,,,,,,,,,,,,,,,,,,,,,,1,,,,,,,,,,,,,,,,,,,,,,,,,,,,,,,,,,,,,,,,,,,,,,,,,,,,,,,,,,,,,,,,,,,,,,,,,,,,,,,,,,,,,,,,,,,,,,,,,,,,,,,,,,,,,,,,,,,,,,,,1,,,,,,,,,,,,,,,,,,,,,,,,,,,,,,,,,,,,,,,,,,,,,,,,,,,,,,,1,,,,,,,,,,,,,,,,,,,,,,,,,,,,,,,,,,,,,,,,,,,,,,,,,,,,,,,,,,,,,,,1,,,,,,,,,,,,,,,,,,,,,,,,,,,,
